sgravenhage, 1
shertogenbosch, 2
aa_en_hunze, 3
aalsmeer, 4
aalten, 5
achtkarspelen, 6
alblasserdam, 7
albrandswaard, 8
alkmaar, 9
almelo, 10
almere, 11
alphen_aan_den_rijn, 12
alphenchaam, 13
altena, 14
ameland, 15
amersfoort, 16
amstelveen, 17
amsterdam, 18
apeldoorn, 19
arnhem, 20
assen, 21
asten, 22
baarlenassau, 23
baarn, 24
barendrecht, 25
barneveld, 26
beek, 27
beekdaelen, 28
beesel, 29
berg_en_dal, 30
bergeijk, 31
bergen_l, 32
bergen_nh, 33
bergen_op_zoom, 34
berkelland, 35
bernheze, 36
best, 37
beuningen, 38
beverwijk, 39
bladel, 40
blaricum, 41
bloemendaal, 42
bodegravenreeuwijk, 43
boekel, 44
borgerodoorn, 45
borne, 46
borsele, 47
boxtel, 48
breda, 49
brielle, 50
bronckhorst, 51
brummen, 52
brunssum, 53
bunnik, 54
bunschoten, 55
buren, 56
capelle_aan_den_ijssel, 57
castricum, 58
coevorden, 59
cranendonck, 60
culemborg, 61
dalfsen, 62
dantumadiel, 63
de_bilt, 64
de_fryske_marren, 65
de_ronde_venen, 66
de_wolden, 67
delft, 68
den_helder, 69
deurne, 70
deventer, 71
diemen, 72
dijk_en_waard, 73
dinkelland, 74
doesburg, 75
doetinchem, 76
dongen, 77
dordrecht, 78
drechterland, 79
drimmelen, 80
dronten, 81
druten, 82
duiven, 83
echtsusteren, 84
edamvolendam, 85
ede, 86
eemnes, 87
eemsdelta, 88
eersel, 89
eijsdenmargraten, 90
eindhoven, 91
elburg, 92
emmen, 93
enkhuizen, 94
enschede, 95
epe, 96
ermelo, 97
ettenleur, 98
geertruidenberg, 99
geldropmierlo, 100
gemertbakel, 101
gennep, 102
gilze_en_rijen, 103
goereeoverflakkee, 104
goes, 105
goirle, 106
gooise_meren, 107
gorinchem, 108
gouda, 109
groningen, 110
gulpenwittem, 111
haaksbergen, 112
haarlem, 113
haarlemmermeer, 114
halderberge, 115
hardenberg, 116
harderwijk, 117
hardinxveldgiessendam, 118
harlingen, 119
hattem, 120
heemskerk, 121
heemstede, 122
heerde, 123
heerenveen, 124
heerlen, 125
heezeleende, 126
heiloo, 127
hellendoorn, 128
hellevoetsluis, 129
helmond, 130
hendrikidoambacht, 131
hengelo, 132
het_hogeland, 133
heumen, 134
heusden, 135
hillegom, 136
hilvarenbeek, 137
hilversum, 138
hoeksche_waard, 139
hof_van_twente, 140
hollands_kroon, 141
hoogeveen, 142
hoorn, 143
horst_aan_de_maas, 144
houten, 145
huizen, 146
hulst, 147
ijsselstein, 148
kaag_en_braassem, 149
kampen, 150
kapelle, 151
katwijk, 152
kerkrade, 153
koggenland, 154
krimpen_aan_den_ijssel, 155
krimpenerwaard, 156
laarbeek, 157
land_van_cuijk, 158
landgraaf, 159
landsmeer, 160
lansingerland, 161
laren, 162
leeuwarden, 163
leiden, 164
leiderdorp, 165
leidschendamvoorburg, 166
lelystad, 167
leudal, 168
leusden, 169
lingewaard, 170
lisse, 171
lochem, 172
loon_op_zand, 173
lopik, 174
losser, 175
maasdriel, 176
maasgouw, 177
maashorst, 178
maassluis, 179
maastricht, 180
medemblik, 181
meerssen, 182
meierijstad, 183
meppel, 184
middelburg, 185
middendelfland, 186
middendrenthe, 187
middengroningen, 188
moerdijk, 189
molenlanden, 190
montferland, 191
montfoort, 192
mook_en_middelaar, 193
nederbetuwe, 194
nederweert, 195
nieuwegein, 196
nieuwkoop, 197
nijkerk, 198
nijmegen, 199
nissewaard, 200
noardeastfryslan, 201
noordbeveland, 202
noordenveld, 203
noordoostpolder, 204
noordwijk, 205
nuenen_gerwen_en_nederwetten, 206
nunspeet, 207
oegstgeest, 208
oirschot, 209
oisterwijk, 210
oldambt, 211
oldebroek, 212
oldenzaal, 213
olstwijhe, 214
ommen, 215
oost_gelre, 216
oosterhout, 217
ooststellingwerf, 218
oostzaan, 219
opmeer, 220
opsterland, 221
oss, 222
oude_ijsselstreek, 223
ouderamstel, 224
oudewater, 225
overbetuwe, 226
papendrecht, 227
peel_en_maas, 228
pekela, 229
pijnackernootdorp, 230
purmerend, 231
putten, 232
raalte, 233
reimerswaal, 234
renkum, 235
renswoude, 236
reuselde_mierden, 237
rheden, 238
rhenen, 239
ridderkerk, 240
rijssenholten, 241
rijswijk, 242
roerdalen, 243
roermond, 244
roosendaal, 245
rotterdam, 246
rozendaal, 247
rucphen, 248
schagen, 249
scherpenzeel, 250
schiedam, 251
schiermonnikoog, 252
schouwenduiveland, 253
simpelveld, 254
sintmichielsgestel, 255
sittardgeleen, 256
sliedrecht, 257
sluis, 258
smallingerland, 259
soest, 260
someren, 261
son_en_breugel, 262
stadskanaal, 263
staphorst, 264
stede_broec, 265
steenbergen, 266
steenwijkerland, 267
stein, 268
stichtse_vecht, 269
sudwestfryslan, 270
terneuzen, 271
terschelling, 272
texel, 273
teylingen, 274
tholen, 275
tiel, 276
tilburg, 277
tubbergen, 278
twenterand, 279
tynaarlo, 280
tytsjerksteradiel, 281
uitgeest, 282
uithoorn, 283
urk, 284
utrecht, 285
utrechtse_heuvelrug, 286
vaals, 287
valkenburg_aan_de_geul, 288
valkenswaard, 289
veendam, 290
veenendaal, 291
veere, 292
veldhoven, 293
velsen, 294
venlo, 295
venray, 296
vijfheerenlanden, 297
vlaardingen, 298
vlieland, 299
vlissingen, 300
voerendaal, 301
voorschoten, 302
voorst, 303
vught, 304
waadhoeke, 305
waalre, 306
waalwijk, 307
waddinxveen, 308
wageningen, 309
wassenaar, 310
waterland, 311
weert, 312
west_betuwe, 313
west_maas_en_waal, 314
westerkwartier, 315
westerveld, 316
westervoort, 317
westerwolde, 318
westland, 319
weststellingwerf, 320
westvoorne, 321
wierden, 322
wijchen, 323
wijdemeren, 324
wijk_bij_duurstede, 325
winterswijk, 326
woensdrecht, 327
woerden, 328
wormerland, 329
woudenberg, 330
zaanstad, 331
zaltbommel, 332
zandvoort, 333
zeewolde, 334
zeist, 335
zevenaar, 336
zoetermeer, 337
zoeterwoude, 338
zuidplas, 339
zundert, 340
zutphen, 341
zwartewaterland, 342
zwijndrecht, 343
zwolle, 344
